journal_name,publisher,areas,issn,abs_level,ft50,utd24,abdc,sjr,impact_factor,journal_weight
Journal of Finance,Wiley,Finance,0022-1082;1540-6261,4*,1,1,A*,,12.817,24.09
Journal of Financial Economics,Elsevier BV,Finance,0304-405X;1879-2774,4*,1,1,A*,,12.295,23.87
The Review of Financial Studies,Oxford University Press,Finance,0893-9454;1465-7368,4*,1,1,A*,,11.591,23.58
Journal of Accounting Research,Wiley,Accounting,0021-8456;1475-679X,4*,1,1,A*,,10.709,23.21
The Quarterly Journal of Economics,Oxford University Press,Economics,0033-5533;1531-4650,4*,1,0,A*,,20.944,23.12
The Review of Economic Studies,Oxford University Press,Economics,0034-6527;1467-937X,4*,1,0,A*,,15.694,23.12
American Economic Review,American Economic Association,Economics,0002-8282;0065-812X;1944-7981,4*,1,0,A*,,14.719,23.01
Academy of Management Review,Academy of Management,General Management,0363-7425;1930-3807,4*,1,1,A*,,8.563,22.32
Journal of International Business Studies,Palgrave Macmillan,International Business & Area Studies,0047-2506;1478-6990,4*,1,1,A*,,8.326,22.22
Strategic Management Journal,Wiley,Strategy,0143-2095;1097-0266,4*,1,1,A*,,8.29,22.2
Organization Science,Institute for Operations Research and the Management Sciences,Organisation Studies,1047-7039;1526-5455,4*,1,1,A*,,7.286,21.79
MIS Quarterly,MIS Quarterly,Information Systems,0276-7783;2162-9730,,1,1,A*,,7.128,21.72
Journal of Marketing,SAGE Publishing,Marketing,0022-2429;1547-7185,4*,1,1,A*,,7.11,21.71
Journal of Consumer Research,Oxford University Press,Marketing,0093-5301;1537-5277,4*,1,1,A*,,7.076,21.7
Journal of Operations Management,Wiley,Operations & Technology Management,0272-6963;1873-1317,4*,1,1,A*,,6.91,21.63
Marketing Science,Institute for Operations Research and the Management Sciences,Marketing,0732-2399;1526-548X,4*,1,1,A*,,6.828,21.59
Academy of Management Journal,Academy of Management,General Management,0001-4273;1948-0989,4*,1,1,A*,,6.497,21.46
Journal of Accounting and Economics,Elsevier BV,Accounting,0165-4101;1879-1980,4*,1,1,A*,,6.368,21.4
Management Science,Institute for Operations Research and the Management Sciences,Operations Research & Management Science,0025-1909;1526-5501,4*,1,1,A*,,6.077,21.28
Academy of Management Annals,Academy of Management,Strategy,1941-6520;1941-6067,4*,0,0,A*,,17.062,21.25
Journal of the Academy of Marketing Science,Springer Science+Business Media,Marketing,0092-0703;1552-7824,4*,1,0,A*,,10.41,21.21
Information Systems Research,Institute for Operations Research and the Management Sciences,Information Systems,1047-7047;1526-5536,4*,1,1,A*,,5.641,21.1
The Accounting Review,American Accounting Association,Accounting,0001-4826;1558-7967,4*,1,1,A*,,5.324,20.97
Journal of Management,SAGE Publishing,General Management,0149-2063;1557-1211,4*,1,0,A*,,9.543,20.85
Administrative Science Quarterly,SAGE Publishing,Organisation Studies,0001-8392;1930-3815,4*,1,1,A*,,3.885,20.37
Research Policy,Elsevier BV,Innovation,0048-7333;1873-7625,4*,1,0,A*,,8.076,20.24
Journal of Marketing Research,SAGE Publishing,Marketing,0022-2437;1547-7193,4*,1,1,A*,,3.426,20.18
Operations Research,Institute for Operations Research and the Management Sciences,Operations Research & Management Science,0030-364X;1526-5463,4*,1,1,A*,,3.369,20.15
Econometrica,Wiley,Econometrics,0012-9682;1468-0262,4*,1,0,A*,,7.358,19.94
Annual Review of Organizational Psychology and Organizational Behavior,Annual Reviews,Strategy,2327-0616;2327-0608,,0,0,A*,,11.787,19.91
"Accounting, Organizations and Society",Elsevier BV,Accounting,0361-3682;1873-6289,4*,1,0,A*,,7.242,19.89
Annual Review of Psychology,Annual Reviews,Strategy,0066-4308;1545-2085,4,0,0,A*,,15.93,19.58
Journal of Political Economy,University of Chicago Press,Economics,0022-3808;1537-534X,4*,1,0,A*,,6.283,19.49
Entrepreneurship Theory and Practice,SAGE Publishing,Entrepreneurship & Small Business Management,1042-2587;1540-6520;1540-8520,4*,1,0,A*,,6.235,19.47
Journal of Consumer Psychology,Elsevier BV,Marketing,1057-7408;1532-7663,4*,1,0,A*,,5.397,19.12
Production and Operations Management,Wiley,Operations & Technology Management,1059-1478;1937-5956,4,1,1,A*,,4.666,19.03
Journal of Management Information Systems,Taylor & Francis,Information Systems,0742-1222;1557-928X,4,1,0,A*,,8.879,18.91
Journal of Applied Psychology,American Psychological Association,Psychology (Organizational),0021-9010;1939-1854,4*,1,0,A*,,4.843,18.89
Academy of Management Learning and Education,Academy of Management,Strategy,1537-260X;1944-9585,4*,0,0,A*,,8.371,18.49
Annual Review of Sociology,Annual Reviews,Strategy,0360-0572;1545-2115,4*,0,0,A*,,8.012,18.34
Journal of Economic Literature,American Economic Association,Economics,0002-0515;2328-8175;0022-0515;1547-1101,4,0,0,A*,,11.717,18.22
Journal of Strategic Information Systems,Elsevier,Information Systems,0963-8687;1873-1198,4,0,0,A*,,11.719,18.22
Transportation Research Part C: Emerging Technologies,Elsevier,Operations & Technology Management,0968-090X;1879-2359,,0,0,A*,,7.566,18.15
Journal of Management Studies,Wiley,General Management,0022-2380;1467-6486,4,1,0,A*,,6.779,18.03
Journal of Business Venturing,Elsevier,Strategy,0883-9026;1873-2003,4*,0,0,A*,,7.219,18.01
Review of Accounting Studies,Springer Science+Business Media,Accounting,1380-6653;1573-7136,4,1,0,A*,,6.555,17.94
Psychological Bulletin,American Psychological Association,Strategy,0033-2909;1939-1455,4,0,0,A*,,10.848,17.85
Tourism Management,Elsevier,Tourism & Hospitality Management,0261-5177;1879-3193,4,0,0,A*,,10.847,17.85
International Journal of Operations & Production Management,Emerald Group Publishing,Strategy,0144-3577;1758-6593,4,0,0,A,,10.605,17.75
Human Resource Management (US),Wiley-Blackwell Publishing,Human Resource Management & Employment Studies,0090-4848;1099-050X,,0,0,A*,,6.42,17.68
Organizational Behavior and Human Decision Processes,Elsevier BV,Organizational Behaviour,0749-5978;1095-9920,4,1,0,A*,,5.792,17.62
American Sociological Review,Sage Publications,Strategy,0003-1224;1939-8271,4*,0,0,A*,,6.029,17.51
American Political Science Review,Cambridge University Press,General Management,0003-0554;1537-5943,4*,0,0,A*,,6.0,17.5
Psychological Science,Sage Publications,Strategy,0956-7976;1467-9280,4*,0,0,A*,,5.945,17.48
Transportation Research Part B: Methodological,Elsevier,Operations & Technology Management,0191-2615;1879-2367,,0,0,A*,,5.69,17.37
Review of Finance,Oxford University Press,Finance,1572-3097;1573-692X;1875-824X,4,1,0,A*,,4.721,17.18
Strategic Entrepreneurship Journal,Wiley,Entrepreneurship & Small Business Management,1932-4391;1932-443X,4,1,0,A,,4.509,17.09
American Journal of Political Science,Wiley-Blackwell Publishing,General Management,0092-5853;1540-5907,4*,0,0,A*,,4.931,17.05
Journal of Construction Engineering and Management,American Society of Civil Engineers,Sector Studies,0733-9364;1943-7862,,0,0,A*,,4.747,16.98
Journal of Service Research,Sage Publications,Marketing,1094-6705;1552-7379,4,0,0,A*,,8.653,16.94
Contemporary Accounting Research,Wiley,Accounting,0823-9150;1911-3846,4,1,0,A*,,3.958,16.86
Human Relations,SAGE Publishing,Organisation Studies,0018-7267;1741-282X,4,1,0,A*,,3.914,16.84
Information Systems Journal,Wiley-Blackwell Publishing,Information Systems,1350-1917;1365-2575,4,0,0,A*,,8.358,16.82
Organization Studies,SAGE Publishing,Organisation Studies,0170-8406;1741-3044,4,1,0,A*,,3.807,16.79
The RAND Journal of Economics,Wiley,Economics,0741-6261;1756-2171,4,1,0,A*,,3.742,16.77
Journal of Economic Perspectives,American Economic Association,Economics,0895-3309;1944-7965,4,0,0,A*,,8.13,16.72
European Journal of Information Systems,Taylor & Francis Online,Information Systems,0960-085X;1476-9344,4,0,0,A*,,8.046,16.69
Advances in Experimental Social Psychology,Elsevier,Strategy,0065-2601;1557-8410,,0,0,A*,,3.946,16.64
Environment and Planning A: Economy and Space,Sage Publications,General Management,0308-518X;1472-3409,,0,0,A*,,3.947,16.64
Journal of Supply Chain Management,Wiley-Blackwell Publishing,Operations & Technology Management,1523-2409;1745-493X;1055-6001;2375-0588,4,0,0,A*,,7.844,16.6
Journal of Financial and Quantitative Analysis,Cambridge University Press,Finance,0022-1090;1756-6916,4,1,0,A*,,3.259,16.57
Human Resource Management Journal (UK),Wiley-Blackwell Publishing,Human Resource Management & Employment Studies,0954-5395;1748-8583,4*,0,0,A*,,3.771,16.57
Human Resource Management,Wiley,Human Resource Management & Employment Studies,0090-4848;1099-050X,,1,0,,,6.42,16.55
Public Administration Review,Wiley-Blackwell Publishing,General Management,0033-3352;1540-6210,4*,0,0,A,,3.612,16.5
British Journal of Political Science,Cambridge University Press,General Management,0007-1234;1469-2112,,0,0,A*,,3.495,16.46
American Psychologist,American Psychological Association,Strategy,0003-066X;1935-990X,,0,0,A*,,3.439,16.43
Personnel Psychology,Wiley-Blackwell Publishing,Strategy,0031-5826;1744-6570,4*,0,0,A*,,3.393,16.41
British Journal of Management,Wiley-Blackwell Publishing,Strategy,1045-3172;1467-8551,4,0,0,A*,,7.356,16.4
The Leadership Quarterly,Elsevier,Strategy,1048-9843;1873-3409,4,0,0,A*,,7.255,16.36
American Economic Journal: Applied Economics,American Economic Association,Economics,1945-7782;1945-7790,4,0,0,A*,,7.162,16.32
Journal of Travel Research,Sage Publications,Tourism & Hospitality Management,0047-2875;1552-6763,4,0,0,A*,,6.932,16.22
Organizational Research Methods,Sage Publications,Strategy,1094-4281;1552-7425,4,0,0,A*,,6.898,16.21
International Journal of Research in Marketing,Elsevier,Marketing,0167-8116;1873-8001,4,0,0,A*,,6.881,16.2
Annals of Tourism Research,Elsevier,Tourism & Hospitality Management,0160-7383;1873-7722,4,0,0,A*,,6.82,16.18
American Journal of Public Health,The American Public Health Association,General Management,0090-0036;1541-0048;0271-4353;2330-9687,,0,0,A*,,2.732,16.14
Annals of Statistics,Institute of Mathematical Statistics,General Business & Economics,0090-5364;2168-8966,4*,0,0,A*,,2.725,16.14
Journal of Empirical Legal Studies,Wiley-Blackwell Publishing,General Business & Economics,1740-1453;1740-1461,,0,0,A*,,2.72,16.13
Journal of Vocational Behavior,Elsevier,Strategy,0001-8791;1095-9084,4,0,0,A*,,6.68,16.12
Urban Studies: an international journal for research in urban studies,Sage Publications,General Management,0042-0980;1360-063X,,0,0,A*,,2.649,16.1
Journal of Organizational Behavior,Wiley-Blackwell Publishing,Strategy,0894-3796;1099-1379,4,0,0,A*,,6.314,15.96
Journal of International Economics,Elsevier,Economics,0022-1996;1873-0353,4,0,0,A*,,6.246,15.94
Journal of Corporate Finance,Elsevier,Finance,0929-1199;1872-6313,4,0,0,A*,,6.133,15.89
Academy of Management Perspectives,Academy of Management,Strategy,1558-9080;1943-4529;1938-9779;1990-1993;2167-2717,4,0,0,A,,6.068,15.86
Journal of Product Innovation Management,Wiley-Blackwell Publishing,General Management,0737-6782;1540-5885,4,0,0,A*,,5.91,15.8
Health Economics,Wiley-Blackwell Publishing,Economics,1057-9230;1099-1050,,0,0,A*,,1.905,15.79
ILR Review (Industrial and Labor Relations Review),Sage Publications,Human Resource Management & Employment Studies,0019-7939;2162-271X,,0,0,A*,,1.867,15.78
Annals of Probability,Institute of Mathematical Statistics,General Business & Economics,0091-1798;2168-894X,,0,0,A*,,1.764,15.73
European Journal of Operational Research,Elsevier,Strategy,0377-2217;1872-6860,4,0,0,A*,,5.721,15.72
Auditing: A Journal of Practice and Theory,American Accounting Association,Accounting,0278-0380;1558-7991,,0,0,A*,,1.66,15.69
Long Range Planning,Elsevier,Strategy,0024-6301;1873-1872,4,0,0,A*,,5.589,15.66
Probability Theory and Related Fields,Springer International Publishing,General Business & Economics,0178-8051;1432-2064,,0,0,A*,,1.538,15.64
Journal of World Business,Elsevier,Strategy,1090-9516;1878-5573,4,0,0,A*,,5.504,15.63
Psychological Review,American Psychological Association,Strategy,0033-295X;1939-1471,4,0,0,A*,,5.513,15.63
Regional Studies,Taylor & Francis Online,General Management,0034-3404;1360-0591,4,0,0,A*,,5.409,15.59
American Economic Journal: Macroeconomics,American Economic Association,Economics,1945-7707;1945-7715,4,0,0,A*,,5.398,15.58
Journal of Public Administration Research and Theory,Oxford University Press,General Management,1053-1858;1477-9803,4,0,0,A,,5.387,15.58
Manufacturing & Service Operations Management,Institute for Operations Research and the Management Sciences,Operations & Technology Management,1523-4614;1526-5498;1526-5489,3,1,1,A*,,4.281,15.53
Industrial Relations: a journal of economy and society,Wiley-Blackwell Publishing,Human Resource Management & Employment Studies,0019-8676;1468-232X,,0,0,A*,,1.283,15.53
Journal of Information Technology,Sage Publications,Information Systems,0268-3962;1466-4437,4,0,0,A*,,5.213,15.51
Journal of Retailing,Elsevier,Marketing,0022-4359;1873-3271,4,0,0,A*,,5.17,15.49
American Journal of Sociology,The University of Chicago Press,Strategy,0002-9602;1537-5390,4*,0,0,A*,,1.052,15.44
International & Comparative Law Quarterly,Cambridge University Press,General Business & Economics,0020-5893;1471-6895,,0,0,A*,,1.064,15.44
Journal of Monetary Economics,Elsevier,Economics,0304-3932;1873-1295,4,0,0,A*,,5.0,15.42
The Economic History Review: a journal of economic and social history,Wiley-Blackwell Publishing,Economics,0013-0117;1468-0289,,0,0,A*,,0.937,15.39
Energy Economics,Elsevier,Economics,0140-9883;1873-6181,3,0,0,A*,,12.778,15.32
The Modern Law Review,Wiley-Blackwell Publishing,General Business & Economics,0026-7961;1468-2230,,0,0,A*,,0.652,15.27
Journal of Occupational and Organizational Psychology,Wiley-Blackwell Publishing,Strategy,0963-1798;2044-8325,4,0,0,A*,,4.622,15.26
Journal of Occupational Health Psychology,American Psychological Association,Strategy,1076-8998;1939-1307,4,0,0,A,,4.609,15.25
Public Management Review,Taylor & Francis Online,Strategy,1471-9037;1471-9045;1461-667X;1470-1065,4,0,0,A,,4.494,15.21
Annual Review of Economics,Annual Reviews,Economics,1941-1383;1941-1391,3,0,0,A*,,12.476,15.2
International Studies Quarterly,Wiley-Blackwell Publishing,General Management,0020-8833;1468-2478,4,0,0,A,,4.455,15.19
Journal of the European Economic Association,Oxford University Press,Economics,1542-4766;1542-4774,4,0,0,A*,,4.424,15.18
Economic Geography,Taylor & Francis Online,Economics,0013-0095;1944-8287,4,0,0,A,,4.397,15.17
The Review of Economics and Statistics,The MIT Press,Economics,0034-6535;1530-9142,4,0,0,A*,,4.266,15.11
Cambridge Law Journal,Cambridge University Press,General Business & Economics,0008-1973;1469-2139,,0,0,A*,,0.232,15.1
Journal of the Association for Information Systems,Association for Information Systems (AIS),Information Systems,1536-9323;1558-3457,4*,0,0,A*,,0.222,15.09
Federal Law Review,Australian National University,General Business & Economics,0067-205X;1444-6928,,0,0,A*,,0.2,15.08
The Sydney Law Review,Sydney Law School,General Business & Economics,0082-0512;1444-9528,,0,0,A*,,0.125,15.05
Canadian Tax Journal,Canadian Tax Foundation,General Business & Economics,0008-5111,,0,0,A*,,0.057,15.02
Journal of Economic Geography,Oxford University Press,Economics,1468-2702;1468-2710,4,0,0,A,,4.027,15.01
The Economic Journal,Wiley-Blackwell Publishing,Economics,0013-0133;1468-0297;1742-0350,4,0,0,A*,,4.019,15.01
Australian Tax Forum,Tax Institute,General Business & Economics,0812-695X,,0,0,A*,,0.0,15.0
Boston University Law Review,Boston University School of Law,General Business & Economics,0006-8047,,0,0,A*,,0.0,15.0
Columbia Law Review,"Columbia Law Review Association, Inc.",General Business & Economics,0010-1958;1945-2268,,0,0,A*,,0.0,15.0
Cornell Law Review,Cornell Law School,General Business & Economics,0010-8847,,0,0,A*,,0.0,15.0
Environment and Planning B: Urban Analytics and City Science,Sage Publications,General Management,0265-8135;1472-3417,,0,0,A*,,0.0,15.0
Harvard Law Review,Harvard University Press,General Business & Economics,0017-811X;2161-976X,,0,0,A*,,0.0,15.0
Law Quarterly Review,Sweet & Maxwell,General Business & Economics,0023-933X,,0,0,A*,,0.0,15.0
Melbourne University Law Review,Melbourne University Law Review Association,General Business & Economics,0025-8938;1839-3810,,0,0,A*,,0.0,15.0
Oxford University Commonwealth Law Journal,Taylor & Francis Online,General Business & Economics,1472-9342;1757-8469,,0,0,A*,,0.0,15.0
The Yale Law Journal,"The Yale Law Journal Company, Inc.",General Business & Economics,0044-0094;1939-8611,,0,0,A*,,0.0,15.0
University of Chicago Law Review,University of Chicago Law School,General Business & Economics,0041-9494;1939-859X,,0,0,A*,,0.0,15.0
MIS Quarterly: Management Information Systems,,Information Systems,,4*,0,0,,,0.0,15.0
Social Science & Medicine,Elsevier ScienceDirect,Economics,0277-9536;1873-5347,4,0,0,A,,3.643,14.85
Quantitative Economics,Wiley-Blackwell Publishing,Econometrics,1759-7323;1759-7331,4,0,0,A*,,3.555,14.81
Journal of Personality and Social Psychology,American Psychological Association,Strategy,0022-3514;1939-1315,4,0,0,A*,,3.043,14.6
Personality and Social Psychology Bulletin,Sage Publications,Strategy,0146-1672;1552-7433,4,0,0,A*,,3.042,14.6
Journal of Financial Intermediation,Elsevier,Finance,1042-9573;1096-0473,4,0,0,A*,,2.988,14.58
Journal of Econometrics,Elsevier,Econometrics,0304-4076;1872-6895,4,0,0,A*,,2.968,14.57
Journal of Labor Economics,University of Chicago Press,Economics,0734-306X;1537-5307,4,0,0,A*,,2.911,14.55
Socio-Economic Review,Oxford University Press,Economics,1475-1461;1475-147X,4,0,0,A,,2.802,14.5
International Journal of Management Reviews,Wiley-Blackwell Publishing,Strategy,1460-8545;1468-2370,3,0,0,A*,,10.74,14.47
Environment and Planning D: society and space,Sage Publications,General Management,0263-7758;1472-3433,4,0,0,A,,2.534,14.39
Theoretical Economics,The Econometric Society,Economics,1933-6837;1555-7561,4,0,0,A*,,2.522,14.38
Journal of Business Ethics,Springer Science+Business Media,Ethics & Governance,0167-4544;1573-0697,3,1,0,A,,5.932,14.35
International Economic Review,Wiley-Blackwell Publishing,Economics,0020-6598;1468-2354,4,0,0,A*,,2.388,14.33
"Work, Employment and Society",Sage Publications,Human Resource Management & Employment Studies,0950-0170;1469-8722,4,0,0,A,,2.309,14.3
Global Strategy Journal,Wiley-Blackwell Publishing,Strategy,2042-5791;2042-5805,4,0,0,A,,2.284,14.29
"Journal of Money, Credit and Banking",Wiley-Blackwell Publishing,Economics,0022-2879;1538-4616,4,0,0,A*,,2.256,14.27
Journal of Experimental Psychology: general,American Psychological Association,Strategy,0096-3445;1939-2222,4,0,0,A*,,2.067,14.19
Biometrika,Oxford University Press,General Business & Economics,0006-3444;1464-3510,4,0,0,A*,,2.042,14.18
"Journal of the Royal Statistical Society, Series B (Statistical Methodology)",Wiley-Blackwell Publishing,General Business & Economics,1467-9868;1369-7412,4,0,0,A*,,1.952,14.15
Journal of the American Statistical Association,Taylor & Francis Online,General Business & Economics,0162-1459;1537-274X,4,0,0,A*,,1.851,14.1
Journal of Business & Economic Statistics,Taylor & Francis Online,Econometrics,0735-0015;1537-2707,4,0,0,A*,,1.815,14.09
Journal of Experimental Social Psychology,Elsevier,Strategy,0022-1031;1096-0465,4,0,0,A,,1.795,14.08
British Journal of Industrial Relations,Wiley-Blackwell Publishing,Human Resource Management & Employment Studies,0007-1080;1467-8543,4,0,0,A*,,1.767,14.07
Sociology,Sage Publications,Strategy,0038-0385;1469-8684,4,0,0,A*,,1.75,14.06
Journal of Economic Theory,Elsevier,Economics,0022-0531;1095-7235,4,0,0,A*,,1.424,13.93
Business History,Taylor & Francis Online,Human Resource Management & Employment Studies,0007-6791;1743-7938,4,0,0,A*,,1.171,13.82
Econometric Theory,Cambridge University Press,Econometrics,0266-4666;1469-4360,4,0,0,A*,,1.159,13.82
Global Environmental Change,Elsevier,General Management,0959-3780;1872-9495,3,0,0,A*,,8.772,13.66
Journal of Experimental Psychology: Applied,American Psychological Association,Strategy,1076-898X;1939-2192,4,0,0,A,,0.748,13.64
Business History Review,Cambridge University Press,Human Resource Management & Employment Studies,0007-6805;2044-768X,4,0,0,A,,0.242,13.43
Transportation Research Part E: Logistics and Transportation Review,Elsevier,Operations & Technology Management,1366-5545;1878-5794,3,0,0,A*,,8.205,13.42
Information and Organization,Elsevier,Information Systems,1471-7727;1873-7919,3,0,0,A*,,8.074,13.36
International Journal of Hospitality Management,Elsevier,Sector Studies,0278-4319;1873-4693,3,0,0,A*,,8.076,13.36
Decision Support Systems,Elsevier,Information Systems,0167-9236;1873-5797,3,0,0,A*,,8.025,13.34
Economic History Review,,Business History & Economic History,,4,0,0,,,0.0,13.33
Human Resource Management (USA),,Human Resource Management & Employment Studies,,4,0,0,,,0.0,13.33
Industrial Relations,,Human Resource Management & Employment Studies,,4,0,0,,,0.0,13.33
IEEE Transactions on Evolutionary Computation,,Operations Research & Management Science,,4,0,0,,,0.0,13.33
Mathematical Programming,,Operations Research & Management Science,,4,0,0,,,0.0,13.33
Behavioral and Brain Sciences,,Psychology (General),,4,0,0,,,0.0,13.33
Cognition,,Psychology (General),,4,0,0,,,0.0,13.33
Current Directions in Psychological Science,,Psychology (General),,4,0,0,,,0.0,13.33
Nature Human Behaviour,,Psychology (General),,4,0,0,,,0.0,13.33
Work and Stress,,Psychology (Organizational),,4,0,0,,,0.0,13.33
Governance,,Public Sector & Health Care,,4,0,0,,,0.0,13.33
Public Administration,,Public Sector & Health Care,,4,0,0,,,0.0,13.33
"Transportation Research, Series B: Methodological",,Sector Studies,,4,0,0,,,0.0,13.33
International Organization,,Social Sciences,,4,0,0,,,0.0,13.33
Journal of Politics,,Social Sciences,,4,0,0,,,0.0,13.33
Risk Analysis,,Social Sciences,,4,0,0,,,0.0,13.33
Accident Analysis and Prevention,Elsevier,Operations & Technology Management,0001-4575;1879-2057,3,0,0,A*,,7.846,13.27
Industrial Marketing Management,Elsevier,Marketing,0019-8501;1873-2062,3,0,0,A*,,7.815,13.26
Journal of Financial Stability,Elsevier,Finance,1572-3089;1878-0962,3,0,0,A*,,6.713,12.8
Journal of Sustainable Tourism,Taylor & Francis Online,Tourism & Hospitality Management,0966-9582;1747-7646,3,0,0,A*,,6.673,12.78
Information & Management,Elsevier,Information Systems,0378-7206;1872-7530,3,0,0,A*,,6.582,12.74
INFORMS Journal on Computing,Institute for Operations Research and the Management Sciences,Operations Research & Management Science,1091-9856;1526-5528;0899-1499;2326-3245,3,0,1,A,,1.591,12.54
American Economic Journal: Economic Policy,American Economic Association,Economics,1945-7731;1945-774X;1945-7812,3,0,0,A*,,5.994,12.5
Transportation Science,The Institute for Operations Research and the Management Sciences (INFORMS),Operations & Technology Management,0041-1655;1526-5447,3,0,0,A*,,5.78,12.41
British Accounting Review,Elsevier,Accounting,0890-8389;1095-8347,3,0,0,A*,,5.427,12.26
Journal of Urban Economics,Elsevier,Economics,0094-1190;1095-9068,3,0,0,A*,,5.424,12.26
World Development,Elsevier,Economics,0305-750X;1873-5991,3,0,0,A*,,5.38,12.24
Journal of Environmental Economics and Management,Elsevier,Economics,0095-0696;1096-0449,3,0,0,A*,,5.204,12.17
MIT Sloan Management Review,Massachusetts Institute of Technology,General Management,1532-9194;1532-8937,3,1,0,A,,0.36,12.03
European Journal of Marketing,Emerald Group Publishing,Marketing,0309-0566;1758-7123,3,0,0,A*,,4.866,12.03
American Economic Review: Insights,American Economic Association,Economics,2640-205X;2640-2068,3,0,0,A*,,4.717,11.97
Transportation Research Part A: Policy and Practice,Elsevier,Operations & Technology Management,0965-8564;1879-2375,3,0,0,A*,,4.673,11.95
Harvard Business Review,Harvard Business Publishing,General Management,0017-8012,3,1,0,A,,0.0,11.88
Journal of Banking & Finance,Elsevier,Finance,0378-4266;1872-6372,3,0,0,A*,,4.434,11.85
Review of Asset Pricing Studies,Oxford University Press,Finance,2045-9920;2045-9939,3,0,0,A*,,4.205,11.75
Journal of Development Economics,Elsevier,Economics,0304-3878;1872-6089,3,0,0,A*,,3.875,11.61
Journal of Public Economics,Elsevier,Economics,0047-2727;1879-2316,3,0,0,A*,,3.814,11.59
Management Accounting Research,Elsevier,Accounting,1044-5005;1096-1224,3,0,0,A*,,3.673,11.53
Journal of Applied Econometrics,Wiley-Blackwell Publishing,Econometrics,0883-7252;1099-1255,3,0,0,A*,,3.43,11.43
American Economic Journal: Microeconomics,American Economic Association,Economics,1945-7669;1945-7685,3,0,0,A*,,3.383,11.41
Journal of Population Economics,Springer International Publishing,Economics,0933-1433;1432-1475,3,0,0,A*,,3.283,11.37
The Journal of Law and Economics,University of Chicago Law School,Economics,0022-2186;1537-5285,3,0,0,A*,,3.21,11.34
European Economic Review,Elsevier,Economics,0014-2921;1873-572X,3,0,0,A*,,3.202,11.33
Journal of Economic Growth,Springer International Publishing,Economics,1381-4338;1573-7020,3,0,0,A*,,3.161,11.32
Journal of Health Economics,Elsevier,Economics,0167-6296;1879-1646,3,0,0,A*,,3.105,11.29
Journal of Accounting and Public Policy,Elsevier,Accounting,0278-4254;1873-2070,3,0,0,A*,,2.856,11.19
Financial Management,Wiley-Blackwell Publishing,Finance,0046-3892;1755-053X,3,0,0,A*,,2.839,11.18
Accounting Auditing and Accountability Journal,Emerald Group Publishing Limited,Accounting,0951-3574;1758-4205;1368-0668;2051-3151,3,0,0,A*,,2.791,11.16
Journal of Economic Behavior and Organization,Elsevier,Economics,0167-2681;1879-1751,3,0,0,A*,,2.769,11.15
The European Accounting Review,Taylor & Francis Online,Accounting,0963-8180;1468-4497,3,0,0,A*,,2.725,11.14
American Journal of Agricultural Economics,Oxford University Press,Economics,0002-9092;1467-8276,3,0,0,A*,,2.7,11.12
Journal of the Association of Environmental and Resource Economists,University of Chicago Press,Economics,2333-5955;2333-5963,3,0,0,A*,,2.53,11.05
Journal of Business Finance & Accounting,Wiley-Blackwell Publishing,Accounting,0306-686X;1468-5957,3,0,0,A*,,2.377,10.99
Econometrics Journal,Oxford University Press,Econometrics,1368-4221;1368-423X,3,0,0,A*,,2.329,10.97
Academy of Management Discoveries,Academy of Management,Strategy,2168-1007,3,0,0,A*,,2.307,10.96
Labour Economics,Elsevier,Economics,0927-5371;1879-1034,3,0,0,A*,,2.265,10.94
International Journal of Industrial Organization,Elsevier,Economics,0167-7187;1873-7986,3,0,0,A*,,2.237,10.93
Review of Corporate Finance Studies,Oxford University Press,Finance,2046-9128;2046-9136,3,0,0,A*,,2.173,10.91
Journal of Financial Markets,Elsevier,Finance,1386-4181;1878-576X,3,0,0,A*,,2.034,10.85
The Journal of Economic History,Cambridge University Press,Economics,0022-0507;1471-6372,3,0,0,A*,,2.02,10.84
Review of Economic Dynamics,Elsevier,Economics,1094-2025;1096-6099,3,0,0,A*,,2.0,10.83
Journal of Risk and Uncertainty,Springer International Publishing,Economics,0895-5646;1573-0476,3,0,0,A*,,1.976,10.82
Journal of Economic Dynamics and Control,Elsevier,Economics,0165-1889;1879-1743,3,0,0,A*,,1.955,10.81
Journal of Conflict Resolution,Sage Publications,Economics,0022-0027;1552-8766,3,0,0,A*,,1.852,10.77
Economic Theory,Springer International Publishing,Economics,0938-2259;1432-0479,3,0,0,A*,,1.801,10.75
Experimental Economics,Springer International Publishing,Economics,1386-4157;1573-6938,3,0,0,A*,,1.8,10.75
Decision Sciences,Wiley-Blackwell Publishing,Operations & Technology Management,0011-7315;1540-5915,3,0,0,A*,,1.561,10.65
Journal of Human Resources,The University of Wisconsin Press,Economics,0022-166X;1548-8004,3,0,0,A*,,1.411,10.59
The Journal of Industrial Economics,Wiley-Blackwell Publishing,Economics,0022-1821;1467-6451,3,0,0,A*,,1.417,10.59
Insurance: Mathematics & Economics,Elsevier,Finance,0167-6687;1873-5959,3,0,0,A*,,1.341,10.56
Games and Economic Behavior,Elsevier,Economics,0899-8256;1090-2473,3,0,0,A*,,1.323,10.55
Journal of Computational and Graphical Statistics,Taylor & Francis Online,General Business & Economics,1061-8600;1537-2715,3,0,0,A*,,1.3,10.54
Journal of Financial Econometrics,Oxford University Press,Econometrics,1479-8409;1479-8417,3,0,0,A*,,1.158,10.48
Gender and Society,Sage Publications,Strategy,0891-2432;1552-3977,3,0,0,A*,,1.09,10.45
Journal of Hospitality and Tourism Management,Elsevier,Tourism & Hospitality Management,1447-6770;1839-5260,2,0,0,A*,,8.514,10.21
British Tax Review,Sweet & Maxwell,General Business & Economics,0007-1870,3,0,0,A*,,0.0,10.0
Tourism Management Perspectives,Elsevier,Tourism & Hospitality Management,2211-9736;2211-9744,2,0,0,A*,,6.392,9.33
International Journal of Project Management,Elsevier,Strategy,0263-7863;1873-4634,2,0,0,A*,,5.598,9.0
ASTIN Bulletin,Cambridge University Press,Finance,0515-0361;1783-1350,2,0,0,A*,,1.767,7.4
Journal of Management Accounting Research,American Accounting Association,Accounting,1049-2127;1558-8033,2,0,0,A*,,1.266,7.19
American Journal of Health Economics,MIT Press,Economics,2332-3493;2332-3507,2,0,0,A*,,1.016,7.09
Critical Finance Review,Now Publishers,Finance,2164-5744;2164-5760,1,0,0,A*,,3.7,4.88
